                  epoch,         train/box_loss,         train/cls_loss,         train/dfl_loss,   metrics/precision(B),      metrics/recall(B),       metrics/mAP50(B),    metrics/mAP50-95(B),           val/box_loss,           val/cls_loss,           val/dfl_loss,                 lr/pg0,                 lr/pg1,                 lr/pg2
                      1,                  2.758,                 3.6167,                 2.3797,                0.02032,                0.47744,                0.06249,                0.01402,                 2.2276,                 3.2882,                 1.9299,              5.001e-05,              5.001e-05,              5.001e-05
                      2,                 2.5533,                 3.5566,                 2.2938,                0.01966,                0.46429,                0.04796,                0.01102,                 2.2302,                 3.2719,                 1.9385,             8.7809e-05,             8.7809e-05,             8.7809e-05
                      3,                 2.4813,                 3.5355,                  2.218,                0.02437,                0.58835,                0.10232,                0.02074,                 2.1535,                 3.2544,                 1.8505,             9.2602e-05,             9.2602e-05,             9.2602e-05
                      4,                 2.3687,                 3.5358,                 2.0882,                0.02708,                0.67293,                0.12409,                0.03306,                 2.0937,                 3.2182,                 1.7844,             6.4388e-05,             6.4388e-05,             6.4388e-05
